Time,Sea surface temperature
Sep 2018,27.56322
Oct 2018,28.43281
Nov 2018,29.25846
Dec 2018,29.1068
Jan 2019,28.96097
